title,publisher,author,year
Expert Python Programming: Master Python by learning the best coding practices and advanced programming concepts,Packt Publishing,"Michal Jaworski, Tarek Ziadé",2021
Rust in Action: Systems programming concepts and techniques,Manning Publications,Timothy Samuel McNamara,2021
"Expert Python Programming, 2nd Edition: Become an ace Python programmer by learning best coding practices and advance-level concepts with Python 3.5",Packt Publishing,"Michal Jaworski, Tarek Ziade",2016
"Advanced C++ Programming Cookbook: Become an expert C++ programmer by mastering concepts like templates, concurrency, and type deduction",Packt Publishing,Dr. Rian Quinn,2020
Learn Python Programming: The Comprehensive Guide to Learn and Apply Python by learning coding best practices and advanced programming concepts.,nan,"James Herron [Herron, James]",2021
Beginning Functional JavaScript: Uncover the Concepts of Functional Programming with EcmaScript 8,Apress,"Anto Aravinth, Srikanth Machiraju",2018
"Structural Equation Modeling with Amos: Basic Concepts, Applications, and Programming",Routledge,Barbara M. Byrne,2016
"Concepts, techniques, and models of computer programming",MIT Press,"Peter Van Roy, Seif Haridi",2004
Introduction to C++: Programming Concepts and Applications,The Teaching Company,John Keyser,2019
"Learn Java 12 Programming - A step-by-step guide to learning essential concepts in Java SE 10, 11, and 12",Packt,Nick Samoylov,2019
Concepts of Programming Languages,Pearson,Robert W. Sebesta,2019
Parallel Programming: Concepts and Practice,Morgan Kaufmann,"Bertil Schmidt, Jorge Gonzalez-Dominguez, Christian Hundt, Moritz Schlarb",2017
"Concepts of Programming Languages, Global Edition",Science Research Publications;Pearson,"Sebesta, Robert W",2015
"SQL Server Database Programming With Visual Basic.NET: Concepts, Designs and Implementations",IEEE,Ying Bai,2020
Genetic Algorithms and Genetic Programming: Modern Concepts and Practical Applications,Chapman and Hall/CRC,"Michael Affenzeller, Stephan Winkler, Stefan Wagner, Andreas Beham",2009
"Scala and Spark for Big Data Analytics: Explore the concepts of functional programming, data streaming, and machine learning",Packt Publishing,"Md. Rezaul Karim, Sridhar Alla",2017
"Structural Equation Modeling With AMOS: Basic Concepts, Applications, and Programming (Multivariate Applications), 2nd edition",nan,Barbara Byrne,2009
"Concepts and Semantics of Programming Languages 2: Modular and Object-oriented Constructs with OCaml, Python, C++, Ada and Java",Wiley-ISTE,Thérèse Hardin,2021
Concepts in Programming Languages,Cambridge University Press,"John C. Mitchell, Krzysztof Apt",2001
"IEC 61131-3: Programming Industrial Automation Systems: Concepts and Programming Languages, Requirements for Programming Systems, Decision-Making Aids",Springer-Verlag Berlin Heidelberg,"Karl Heinz John, Michael Tiegelkamp (auth.)",2010
Concepts of Programming Languages (10th Edition),Pearson,"Sebesta, Robert W.",2021
Memory as a Programming Concept in C and C++,Cambridge University Press,Frantisek Franek,2003
"Learn Java 12 Programming - A step-by-step guide to learning essential concepts in Java SE 10, 11, and 12",Packt Publishing,Nick Samoylov,2019
Design Concepts in Programming Languages,MIT,"Franklyn A. Turbak, David K. Gifford",2008
How to Program Computer Science Concepts and Python Exercises,nan,"John Keyser, Ph.D.",english
"Programming with C++20: Conceptes, Coroutines, Ranges, and more",Fertig Publications,"Fertig, Andreas",2021
Rust in Action: Systems programming concepts and techniques,Manning Publications Co.,Tim McNamara,2021
"C Programming for Arduino: Learn how to program and use Arduino boards with a series of engaging examples, illustrating each core concept",Packt Publishing,Julien Bayle,2013
"Scala and Spark for Big Data Analytics: Explore the concepts of functional programming, data streaming, and machine learning",Packt Publishing - ebooks Account,"Md. Rezaul Karim, Sridhar Alla",2017
"Learn Computer Science with Swift: Computation Concepts, Programming Paradigms, Data Management, and Modern Component Architectures with Swift and Playgrounds",Apress,Jesse Feiler,2018
Programming with Visual C++: Concepts and Projects,Cengage Learning,James Allert,2008
MASTERING DEEP LEARNING FUNDAMENTALS WITH PYTHON: The Ultimate Guide for Beginners To Expert & Step By Step Guide to Learn Python Programming Concepts,nan,"Wilson, Richard",2022
Shared memory application programming : concepts and strategies in multicore application programming,Morgan Kaufmann,"Alessandrini, Victor",2016
"Object-Oriented Programming with SIMOTION: Fundamentals, Program Examples and Software Concepts According to IEC 61131-3",Publicis,"Michael Braun, Wolfgang Horn",2017
Rust in Action: Systems programming concepts and techniques,Manning Publications,Tim McNamara,2021
Concepts and Semantics of Programming Languages 1: A Semantical Approach with OCaml and Python,John Wiley & Sons,"Therese Hardin, Mathieu Jaume, Francois Pessaux, Veronique Viguie Donzeau-Gouge",2021
Concepts of programming languages,Pearson,"Sebesta, Robert W",2019
"Problem Solving and Programming Concepts, 9th Edition",Prentice Hall,"Maureen Sprankle, Jim Hubbard",2011
Computer Programming for Absolute Beginners: Learn essential computer science concepts and coding techniques to kick-start your programming career,Packt Publishing,Joakim Wassberg,2020
Concepts of Soft Computing: Fuzzy and ANN with Programming,Springer Singapore,"Snehashish Chakraverty, Deepti Moyi Sahoo, Nisha Rani Mahato",2019
Introduction to Programming Concepts with Case Studies in Python,Springer-Verlag Wien,"Göktürk Üçoluk, Sinan Kalkan (auth.)",2012
"Structural Equation Modeling with Mplus: Basic Concepts, Applications, and Programming",Routledge,Barbara M. Byrne,2011
Programming Language Design Concepts,John Wiley & Sons,David A. Watt,2004
Linux Yourself: Concept and Programming,CRC Press,Sunil K. Singh,2021
Programming LEGO® EV3 My Blocks: Teaching Concepts and Preparing for FLL® Competition,Apress,Gene Harding,2018
Concepts of Programming Languages,Pearson,Robert W. Sebesta,2019
Computer Programming for Absolute Beginners: Learn essential computer science concepts and coding techniques to kick-start your programming career,Packt Publishing,Joakim Wassberg,2020
Programming for beginners The fundamentals:Basic introduction to programming concepts with fractals,Self,Bjørn I.F. Westerheim,2021
"Expert Python Programming: Master Python by learning the best coding practices and advanced programming concepts, 4th Edition",Packt Publishing,"Michał Jaworski, Tarek Ziadé",2021
Object Oriented Perl: A Comprehensive Guide to Concepts and Programming Techniques,Manning Publications,Damian Conway,2000
Computer Concepts and Programming in C (UPTU),McGraw-Hill Education,E. Balaguruswamy,2011
"Oracle Database Programming with Visual Basic.NET: Concepts, Designs and Implementations",John Wiley & Sons,Ying Bai,2021
Important Concept of Arduino Programming for Beginners: Basic C Language Concept for Arduino Programming,Vijay Verma,"Verma, Vijay",2021
Programming Language Concepts,Springer-Verlag London,Peter Sestoft (auth.),2012
"Concepts, Techniques, and Models of Computer Programming",The MIT Press,"Peter Van Roy, Seif Haridi",2004
"Concepts of Programming Languages, Global Edition",Pearson,Robert W. Sebesta [Sebesta R.W.],2016
"Raspberry Pi: An Advanced Guide to Setup, Expert Programming(Concepts, theories and techniques) and Build Raspberry Pi Projects",nan,"Grant, Joe",2020
"GameMaker Game Programming with GML: Learn GameMaker Language programming concepts and script integration with GameMaker: Studio through hands-on, playable examples",Packt Publishing,Matthew DeLucas,2014
Learn Python Programming Quickly: A Beginner's Guide To Coding With Python Programming By Learning Just 5 Simple Concepts. Start Coding Within 3 Hours.,nan,"Ford, Chris",2021
"Interpersonal skills for portfolio, program, and project managers",Management Concepts,"Levin, Ginger",2010
Beginning Functional JavaScript: Uncover the Concepts of Functional Programming with EcmaScript 8,Apress,"Srikanth Machiraju, Anto Aravinth",2018
Mastering Deep Learning Fundamentals with Python: The Absolute Ultimate Guide for Beginners To Expert and Step By Step Guide to Understand Python Programming Concepts,nan,"Wilson, Richard",2019
"Nonlinear Programming: Concepts, Algorithms, and Applications to Chemical Processes (Mos-Siam Series on Optimization)",SIAM-Society for Industrial and Applied Mathematics,Lorenz T. Biegler,2010
"Expert Python Programming, Become a Master in Python by Learning Coding Best Practices and Advanced Programming Concepts in Python 3. 7, 3rd Edition","Packt Publishing, Limited","Jaworski, Michal, Ziadé, Tarek",2019
Principles of Parallel Scientific Computing: A First Guide to Numerical Concepts and Programming Methods,Springer,Tobias Weinzierl,2021
Memory as a Programming Concept in C and C++,Cambridge University Press,Frantisek Franek,2003
Programming Language Concepts,Springer,Peter Sestoft,2017
Concepts of programming languages,Pearson; W. Ross MacDonald School Resource Services Library,"Sebesta, Robert W",2016
Important Concept of Arduino Programming for Beginners: Basic C Language Concept for Arduino Programming,Vijay Verma,"Verma, Vijay [Verma, Vijay]",2021
Prelude to Programming Concepts and Design,Pearson,Stewart Venit and Elizabeth Drake,2015
Tensors Concepts and Applications with Scilab Programs,nan,Namrata Dewan SONI,english
Programming Languages: Concepts and Constructs,Addison-Wesley / Helix Books,Ravi Sethi,english
Parallel programming: concepts and practice,Elsevier; MK Morgan Kaufmann Publishers,"González-Domínguez, Jorge, Hundt, Christian, Schlarb, Moritz, Schmidt, Bertil",2018
Rust in Action: Systems programming concepts and techniques,Manning Publications,Tim McNamara,2021
"Dynamic Programming and Bayesian Inference, Concepts and Applications",nan,Nezhad M.S.F.,english
"Scala and Spark for Big Data Analytics: Explore the concepts of functional programming, data streaming, and machine learning",Packt Publishing - ebooks Account,"Md. Rezaul Karim, Sridhar Alla",2017
Python : journey from novice to expert : learn core concepts of Python and unleash its power to script highest quality Python programs,Packt Publishing,"Rick van Hattem, Dusty Phillips, Fabrizio Romano",2016
Cracking C Programming Interview: 500+ interview questions and explanations to sharpen your C concepts,BPB Publications,Tanuj Kumar Jhamb,2022
"PHP Programming for Beginners. Key Programming Concepts. How to use PHP with MySQL and Oracle databases (MySqli, PDO)",nan,"Skudaev, Sergey",english
Concepts in Programming Languages,Cambridge University Press,John C. Mitchell,2002
Java programming: comprehensive concepts and techniques,Cengage Learning,"Gary B. Shelly, Thomas J. Cashman, Joy L. Starks, Michael L. Mick",2005
Designing and Building Parallel Programs: Concepts and Tools for Parallel Software Engineering,Addison Wesley,Ian Foster,1995
"IEC 61131-3: Programming Industrial Automation Systems: Concepts and Programming Languages, Requirements for Programming Systems, Aids to Decision-Making Tools",Springer Berlin Heidelberg,"Dipl.-Inform. Karl-Heinz John, Dipl.-Inform. Michael Tiegelkamp (auth.)",2001
Principles of Parallel Scientific Computing: A First Guide to Numerical Concepts and Programming Methods (Undergraduate Topics in Computer Science),Springer,Tobias Weinzierl,2022
"Programming with C++20: Concepts, Coroutines, Ranges, and more",Fertig Publications,Andreas Fertig,2021
"How to Start Programming: Easy Guides for Beginners, Fundamental Terms and Concepts: How to Programming in C++",Independently published,"Reggie Dupaski [Dupaski, Reggie]",2021
Linux Yourself: Concept and Programming,Chapman and Hall/CRC,Sunil K. Singh,2021
Prelude to Programming: Concepts and Design: Global Edition,nan,"Venit S., Drake E.",english
Computer Programming Fundamentals: The Principles and Concepts of Programming Languages and the Best One for You to Learn,A. B. Lawal,A. B. Lawal,2020
"Lua Programming: Syntax, Concepts, and Examples",nan,Kathleen  Peterson,2021
"Expert Python Programming: Become a master in Python by learning coding best practices and advanced programming concepts in Python 3.7, 3rd Edition",Packt Publishing,"Jaworski, Michal, Ziade, Tarek",2019
"Concepts, Techniques, and Models of Computer Programming",The MIT Press,"Peter Van Roy, Seif Haridi",2004
Emergency management : concepts and strategies foreffective programs,nan,Lucien G. Canton,2020
Control Flow and Data Flow: Concepts of Distributed Programming: International Summer School,Springer-Verlag Berlin Heidelberg,"Edsger W. Dijkstra (auth.), Manfred Broy (eds.)",1985
"Raspberry Pi: 3 in 1- A Comprehensive Beginner’s Guide + Tips and Tricks + Advanced Guide to Setup, Expert Programming (Concepts, Theories, and Techniques) and Build Raspberry Pi Projects",nan,"Grant, Joe",2020
Important Concept of Arduino Programming for Beginners: Basic C Language Concept for Arduino Programming,Vijay Verma,"Verma, Vijay [Verma, Vijay]",2021
Medicine Ball for All Kids: Medicine Ball Training Concepts and Program-Design Considerations for School-Age Youth,Coaches Choice,"Patrick Mediate, Avery Faigenbaum",2007
Rust in Action: Systems programming concepts and techniques,Manning Publications Co.,Tim McNamara,2021
"Linear Programming for Project Management Professionals: Explore Concepts, Techniques, and Tools",nan,Unknown,2021
Psychosocial Concepts in Humanitarian Work with Children: A Review of the Concepts and Related Literature,nan,"Roundtable on the Demography of Forced Migration, National Research Council, Program on Forced Migration and Health at the Mailman School of Public Health, Columbia University",2003
Linux Yourself: Concept and Programming,Chapman and Hall/CRC,Sunil K. Singh,2021
"Expert Python Programming: Master Python by learning the best coding practices and advanced programming concepts, 4th Edition. Code",Packt Publishing,"Michał Jaworski, Tarek Ziadé",2021
U.S. Military Program Management - Lessons Learned and Best Practices,"Management Concepts, Inc.","Garrett, Gregory A., Rendon, Rene G.",2007
"Raspberry Pi: An Advanced Guide to Setup, Expert Programming(Concepts, theories and techniques) and Build Raspberry Pi Projects",nan,"Grant, Joe [Grant, Joe]",2020
Design Concepts in Programming Languages,MiT Press,"Franklyn A. Turbak, David K. Gifford",2008
Concepts in Programming Languages,Cambridge,John C. Mitchell,2007
"Structural Equation Modeling With AMOS: Basic Concepts, Applications, and Programming",Taylor and Francis,"Byrne, Barbara M",2013
Concepts of Object-Oriented Programming with Visual Basic,Springer,Steven Roman,1997
Concepts and techniques of computer programming,The MIT Press,"Peter Van Roy, Seif Haridi",2004
Fundamentals of SVG Programming: Concepts to Source Code (Graphics Series),Charles River Media,Oswald (Oswald Campesato) Campesato,2003
Problem solving & programming concepts,"Pearson, Prentice Hall","Sprankle, Maureen, Hubbard, Jim",2011
Rust in Action: Systems programming concepts and techniques,Manning Publications,Tim McNamara,2021
Learn SQL: Basics Of SQL: Computer Programming Concepts For Beginners,UNKNOWN,"POLLY, LINA",2020
Programming LEGO EV3 My Blocks: Teaching Concepts and Preparing for FLL Competition,Apress,Gene Harding,2018
Program Evaluation in Practice: Core Concepts and Examples for Discussion and Analysis,Jossey-Bass,Dean T. Spaulding,2014
Basic Understanding of NLP: Learn the basic concepts and ideas in Neuro-Linguistic Programming,Godinez Online,"Connie Carlson [Carlson, Connie]",2013
Emergency Management: Concepts and Strategies for Effective Programs,Wiley-Interscience,Lucien G. Canton,2006
Concepts of programming languages,Addison-Wesley,Robert W. Sebesta,2012
Practical Compliance with the EPA Risk Management Program: A CCPS Concept Book,Wiley-AIChE,R. J. Walter(auth.),1998
Important Concept of Arduino Programming for Beginners: Basic C Language Concept for Arduino Programming,Vijay Verma,"Verma, Vijay",2021
Learn CGI with PERL Programming: Prepared for beginners to help them understand the basic to advanced concepts related to Perl Scripting languages.,nan,"Sharma, Virat",2021
The Collection Program in Schools: Concepts and Practices,Libraries Unlimited,Marcia A. Mardis,2016
Shared memory application programming: concepts and strategies in multicore application programming,Morgan Kaufmann,"Alessandrini, Victor",2016
Programming Language Concepts,Wiley,"Carlo Ghezzi, Mehdi Jazayeri",1997
Programming Language Concepts and Paradigms,Prentice-Hall,"Findlay, William, Hughes, John, Watt, David A",1990
Concepts of Programming Languages 11th global ed.,Pearson,Robert W. Sebesta,2016
Concepts in programming languages,Cambridge University Press,"John C. Mitchell, Krzysztof Apt",2001
Important Concept of Arduino Programming for Beginners: Basic C Language Concept for Arduino Programming,Vijay Verma,"Verma, Vijay [Verma, Vijay]",2021
Concepts of programming languages,Addison Wesley,Robert W. Sebesta,2005
"Concepts of Programming Languages, 12/e",Pearson,"Robert W. Sebesta [Sebesta, Robert W.]",2018
Concepts of Programming Languages,Pearson,Robert W. Sebesta,2015
"GameMaker game programming with GML : learn GameMaker language programming concepts and script integration with GameMaker: Studio through hands-on, playable examples",Packt Publishing - ebooks Account,"DeLucas, Matthew",2014
"Concepts, Techniques, and Models of Computer Programming",Mit Pr,"Seif Haridi, Peter Van-Roy",2004
Design concepts in programming languages,Massachusetts Institute of Technology,"Franklyn A. Turbak, David K. Gifford",2008
"Structural Equation Modeling with Mplus: Basic Concepts, Applications, and Programming",Routledge,Barbara M. Byrne,2011
"Oracle Database Programming with Visual Basic.NET: Concepts, Designs, and Implementations",Wiley-IEEE Press,"Bai, Ying",2021
Fundamentals of SVG Programming: Concepts to Source Code,Charles River Media,Oswald Campesato,2003
"Conception, Evolution, And Application Of Functional Programming Languages",nan,Hudak P.,1989
Cracking C Programming Interview: 500+ Interview Questions And Explanations To Sharpen Your C Concepts,BPB Publications,Tanuj Kumar Jhamb,2022
Emergency Management: Concept and Strategies for Effective Programs,Wiley-Interscience,Lucien G. Canton(auth.),2007
Programming Concepts in C++,Xlibris,Robert Burns,english
A Concise Guide to Program Management: Fundamental Concepts and Issues,Purdue University Press,Dr. Mitchell L. Springer,2004
Concepts of programming languages,Pearson; W. Ross MacDonald School Resource Services Library,"Sebesta, Robert W",2015
The Program of the NSDAP - The National Socialist Workers' Party and its General Conceptions,nan,Gottfried Feder,english
Concepts of Programming Languages,Addison Wesley,Robert W. Sebesta,2005
"Concepts, techniques, and models of computer programming",MIT Press,"by Peter Van Roy, Seif Haridi.",2004
Computer Programming Concepts and Visual Basic,Pearson Custom Publishing,David I. Schneider,2000
Java Applications (Module -1): Programs explained with logic and concept,nan,Sharma Prashant.,english
Prelude To Programming Concepts and Design 6th Edition,nan,"Stewart Venit, Elizabeth Drake","PDF, 9.15 MB"
Programming Language Concepts,Springer,Peter Sestoft,2017
Rust in Action: Systems programming concepts and techniques,Manning Publications Co.,Tim McNamara,2021
"Concepts, Techniques, and Models of Computer Programming",The MIT Press,"Peter Van Roy, Seif Haridi",2004
Farm Planning with Linear Programming: Concept and Practice,Butterworth-Heinemann,"J B. Dent, S R Harrison and K B. Woodford (Auth.)",1986
Concepts of Programming Languages,Addison Wesley,Robert W. Sebesta,2009
Parallel Programming: Concepts and Practice,Morgan Kaufmann,"Bertil Schmidt Ph.D., Jorge Gonzalez-Dominguez Ph.D., Christian Hundt, Moritz Schlarb",2017
Design Concepts in Programming Languages,nan,"Franklyn A. Turbak, David K. Gifford",2008
"The Collection Program in Schools: Concepts, Practices, and Information Sources (Library Science Text Series)",nan,Phyllis Van Orden,1995
"Reckoners THE PREHISTORY OF THE DIGITAL COMPUTER, FROM RELAYS TO THE STORED PROGRAM CONCEPT",nan,Paul Ceruzzi,2018
"Problem Solving: Methods, Programming and Future Concepts",North-Holland,"O. V. German, Dimitri V. Ofitserov",1995
Imagine! Java: Programming Concepts in Context,Prentice Hall,"Carrano, Frank",2010
Programming Concepts in C++,Xlibris,Robert Burns,2014
Learn SQL: Basics Of SQL: Computer Programming Concepts For Beginners,UNKNOWN,"POLLY, LINA [POLLY, LINA]",2020
Programming with Visual C++: Concepts and Projects,Course Technology,James Allert,2008
Computer Programming Fundamentals: The Principles and Concepts of Programming Languages and the Best One for You to Learn,A. B. Lawal,A. B. Lawal,2020
"Conception, evolution, and application of functional programming languages",ACM comp,Hudak P.,1989
Shared memory application programming: concepts and strategies in multicore application programming,Elsevier Science;Morgan Kaufmann,"Alessandrini, Victor",2016
BSI Standards Publication PD ISO/IEC TS 19217:2015 Information technology — Programming languages — C++ Extensions for concepts,BSI Standards Limited,The British Standards Institution,2015
The Super Simple Programming Book: Learn Basic Programming Concepts With Python,nan,Edwin Torres,2018
Programming Languages for MIS: Concepts and Practice,CRC / Taylor & Francis,"Wang, Shouhong, Wang, Hai",2014
"Concepts of Programming Languages, Eleventh Edition, Global Edition",Pearson,Robert W. Sebesta,2015
"Service Systems: Concepts, Modeling, and Programming",Springer International Publishing,"Jorge Cardoso, Ricardo Lopes, Geert Poels (auth.)",2014
Computer Science Programming Basics in Ruby: Exploring Concepts and Curriculum with Ruby,O'Reilly Media,"Ophir Frieder, Gideon Frieder, David Grossman",2013
Programming Language Concepts,Springer,Peter Sestoft,2017
Important Concept of Arduino Programming for Beginners: Basic C Language Concept for Arduino Programming,Vijay Verma,"Verma, Vijay",2021
Programming Language Concepts,John Wiley & Sons Inc,"Carlo Ghezzi, Mehdi Jazayeri",1982
"Problem solving: methods, programming, and future concepts",Elsevier,"O. V. German, Dimitri V. Ofitserov",1995
Using Prolog as metalanguage for teaching programming language concepts,"Roskilde University,Computer Science Dept.,",Christiansen H.,english
Programming language concepts,Springer,"Sestoft, Peter",2017
Rust in Action: Systems programming concepts and techniques,Manning Publications Co.,Tim McNamara,2021
Control Flow and Data Flow: Concepts of Distributed Programming: International Summer School,Springer-Verlag Berlin Heidelberg,"Edsger W. Dijkstra (auth.), Manfred Broy (eds.)",1985
Prelude to programming: concepts and design,Pearson; Addison-Wesley,"Venit, Stewart, Drake, Elizabeth",2014
Shared Memory Application Programming: Concepts and strategies in multicore application programming,Elsevier Inc.,Victor Alessandrini,2015
U.S. Military Program Management - Lessons Learned and Best Practices,"Management Concepts, Inc.","Garrett, Gregory A., Rendon, Rene G.",2007
Design concepts in programming languages,Massachusetts Institute of Technology,"Franklyn A. Turbak, David K. Gifford",2008
Important Concept of Arduino Programming for Beginners: Basic C Language Concept for Arduino Programming,Vijay Verma,"Verma, Vijay [Verma, Vijay]",2021
Important Concept of Arduino Programming for Beginners: Basic C Language Concept for Arduino Programming,Vijay Verma,"Verma, Vijay",2021
Important Concept of Arduino Programming for Beginners: Basic C Language Concept for Arduino Programming,Vijay Verma,"Verma, Vijay",2021
Concepts in Programming Languages,Cambridge University Press,John C. Mitchell,2002
Concepts of programming languages,Pearson,Robert W Sebesta,2012
Formalization of Programming Concepts,Springer-Verlag Berlin Heidelberg,"Díaz J., Ramos I.",1981
Programming Concepts in C++,Xlibris,Robert Burns,2014
Programming Language Design Concepts,Wiley,David A.  Watt,2004
Programming Language Concepts,Springer-Verlag London,Peter Sestoft (auth.),2012
"Problem Solving: Methods, Programming and Future Concepts","Academic Press,  Elsevier",Oleg V. German and Dmitri V. Ofitserov (Eds.),1995
Programming Concepts in C++,Xlibris US,Robert Burns,2014
Programming Language Design Concepts,Wiley,"Findlay, William, Watt, David Anthony",2004
"Concepts, Techniques, and Models of Computer Programming",The MIT Press,Peter Van Roy,2004
Important Concept of Arduino Programming for Beginners: Basic C Language Concept for Arduino Programming,Vijay Verma,"Verma, Vijay [Verma, Vijay]",2021
Designing and Building Parallel Programs: Concepts and Tools for Parallel Software Engineering,Addison Wesley,Ian Foster,1995
Concepts in Programming Languages,Cambridge University Press,Mitchell J.C.,2002
Computer Programming Concepts and Visual Basic,nan,David I Schneider,english
"RASPBERRY PI PROJECT : AN ADVANCED GUIDE TO SETUP, EXPERT PROGRAMMING (CONCEPTS, THEORIES AND TECHNIQUES) AND BUILD RASPBERRY PI PROJECTS",nan,STEVE JONS,english
The Super Simple Programming Book: Learn Basic Programming Concepts With Python,nan,Edwin Torres,2018
Undergraduate Topics In Computer Science 50 Peter Sestoft Auth Programming Language Concepts Springer Verlag London 2012,nan,Desconocido,spanish
Concepts of programming languages,Addison Wesley,Robert W. Sebesta,2002
Concepts of Programming Languages,Pearson/Addison-Wesley,Robert W. Sebesta,2006
Programming Languages for MIS  Concepts and Practice,Auerbach Publications,Hai Wang,2014
Designing and Building Parallel Programs: Concepts and Tools for Parallel Software Engineering,Addison Wesley,Ian Foster,1995
"Conception, Evolution and Application of Functional Programming Languages",Yale,Paul Hudak,1989
The Collection Program in Schools: Concepts and Practices,Libraries Unlimited,Marcia A Mardis,2016
Important Concept of Arduino Programming for Beginners: Basic C Language Concept for Arduino Programming,Vijay Verma,"Verma, Vijay [Verma, Vijay]",2021
Concepts in Programming Languages,Cambridge University Press,John C. Mitchell,2002
Concepts of programming languages,Pearson ,Robert W Sebesta,2012
"Concepts of Programming Languages, Eleventh Edition, Global Edition",Pearson,Robert W. Sebesta,2015
Concepts of Programming Languages,Addison Wesley,Robert W. Sebesta,2009
Strand: new concepts in parallel programming,Prentice Hall,"Foster, Ian, Taylor, Stephen",1990
Programming Concepts in C++,Xlibris US,Robert Burns,2014
Important Concept of Arduino Programming for Beginners: Basic C Language Concept for Arduino Programming,Vijay Verma,Vijay Verma,2021
"Concepts of Programming Languages, Eleventh Edition, Global Edition",Pearson,"Robert W. Sebesta [Sebesta, Robert W.]",2015
Important Concept of Arduino Programming for Beginners: Basic C Language Concept for Arduino Programming,Vijay Verma,"Vijay Verma [Verma, Vijay]",2021
Concepts of programming languages,Addison Wesley,Robert W. Sebesta,2005
Designing and Building Parallel Programs: Concepts and Tools for Parallel Software Engineering,Addison Wesley,Ian Foster,1995
Concepts of Programming Languages,Addison Wesley,Robert W. Sebesta,2005
Designing and building parallel programs: concepts and tools for parallel software engineering,Addison Wesley,"Foster, Ian T",1995
"Concepts of Programming Languages, Eleventh Edition, Global Edition",Pearson,Robert W. Sebesta,2015
Important Concept of Arduino Programming for Beginners: Basic C Language Concept for Arduino Programming,Vijay Verma,"Vijay Verma [Verma, Vijay]",2021
"Programming Concepts and Methods PROCOMET ’98: IFIP TC2 / WG2.2, 2.3 International Conference on Programming Concepts and Methods (PROCOMET ’98) 8–12 June 1998, Shelter Island, New York, USA",Springer US,"K. R. M. Leino (auth.), David Gries, Willem-Paul de Roever (eds.)",1998
Concepts of programming languages,Benjamin/Cummings,Robert W. Sebesta,1989
Programming Language Concepts,Springer-Verlag London,Peter Sestoft (auth.),2012
"Concepts of Programming Languages, Eleventh Edition, Global Edition",Pearson,Robert W. Sebesta,2015
Rust in Action: Systems programming concepts and techniques,Manning Publications Co.,Tim McNamara,2021
Programming Language Concepts,"Springer Verlag, London ",Peter Sestoft,2012
TEMPO: A Unified Treatment of Binding Time and Parameter Passing Concepts in Programming Languages,Springer-Verlag Berlin Heidelberg,"Neil D. Jones, Steven S. Muchnick (auth.)",1978
TEMPO: A Unified Treatment of Binding Time and Parameter Passing Concepts in Programming Languages,Springer-Verlag Berlin Heidelberg,"Neil D. Jones, Steven S. Muchnick (auth.)",1978
"Formalization of Programming Concepts: International Colloquium Peniscola, Spain, April 19–25, 1981 Proceedings",Springer-Verlag Berlin Heidelberg,"John Backus (auth.), J. Díaz, I. Ramos (eds.)",1981
Program for Plasma-Based Concepts for Future High Energy Accelerators,US DOE ,"Thomas C Katsouleas, Patric Muggli, Environmental Measurements Laboratory (U.S.)., United States. Dept. of Energy. Oakland Operations Office., United States. Dept. of Energy. Office of Scientific and Technical Information., All authors",2002
TEMPO: A Unified Treatment of Binding Time and Parameter Passing Concepts in Programming Languages,Springer-Verlag Berlin Heidelberg,"Neil D. Jones, Steven S. Muchnick (auth.)",1978
Programming Language Concepts,Springer London,Peter Sestoft,2012
Programming language concepts,Springer London Ltd,"Sestoft, Peter",2012
Important Concept of Arduino Programming for Beginners: Basic C Language Concept for Arduino Programming,Vijay Verma,Verma & Vijay,"RTF , 1.71 MB"
Important Concept of Arduino Programming for Beginners: Basic C Language Concept for Arduino Programming,Vijay Verma,"Verma, Vijay",2021
The Fusion Energy Program The Role of TPX and Alternate Concepts,Diane Pub.,,1995
Fusion Energy Program: The Role of TPX & Alternate Concepts,nan,,1995
"Formalization of Programming Concepts: International Colloquium Peniscola, Spain, April 19–25, 1981 Proceedings",Springer-Verlag Berlin Heidelberg,"John Backus (auth.), J. Díaz, I. Ramos (eds.)",1981
Learn SQL: Basics Of SQL: Computer Programming Concepts For Beginners,UNKNOWN,"POLLY, LINA [POLLY, LINA]",2020
Learn SQL: Basics Of SQL: Computer Programming Concepts For Beginners,UNKNOWN,"LINA POLLY [POLLY, LINA]",2020
Important Concept of Arduino Programming for Beginners: Basic C Language Concept for Arduino Programming,Vijay Verma,"Vijay Verma [Verma, Vijay]",2021
The Super Simple Programming Book: Learn Basic Programming Concepts With Python,nan,Edwin Torres,2018
Programming Concepts in C++,Xlibris US,Robert Burns,2014
Concepts of Programming Languages,Addison-Wesley,Robert W. Sebesta,2005
"Formalization of Programming Concepts: International Colloquium Peniscola, Spain, April 19–25, 1981 Proceedings",Springer-Verlag Berlin Heidelberg,"John Backus (auth.), J. Díaz, I. Ramos (eds.)",1981
Computer programming concepts and visual basic,Pearson Custom Publishing,David I. Schneider,2000
Control Flow and Data Flow: Concepts of Distributed Programming: International Summer School,Springer Berlin Heidelberg,"Broy, Manfred (ed.)",1986
Important Concept of Arduino Programming for Beginners: Basic C Language Concept for Arduino Programming,Vijay Verma,"Verma, Vijay [Verma, Vijay]",2021
Important Concept of Arduino Programming for Beginners: Basic C Language Concept for Arduino Programming,Vijay Verma,"Vijay Verma [Verma, Vijay]",2021
The Super Simple Programming Book: Learn Basic Programming Concepts With Python,nan,Edwin Torres,2018
Undergraduate Topics In Computer Science 50 Peter Sestoft Auth Programming Language Concepts Springer Verlag London 2012,nan,Desconocido,spanish
Rust in Action: Systems programming concepts and techniques,Manning Publications Co.,Tim McNamara,2021
Programming Concepts in C++,Xlibris US,Robert Burns,2014
Important Concept of Arduino Programming for Beginners: Basic C Language Concept for Arduino Programming,Vijay Verma,"Verma, Vijay",2021
"Concepts of Programming Languages, Eleventh Edition, Global Edition",Pearson,Robert W. Sebesta,2015
Learn SQL: Basics Of SQL: Computer Programming Concepts For Beginners,UNKNOWN,"LINA POLLY [POLLY, LINA]",2020
Learn SQL: Basics Of SQL: Computer Programming Concepts For Beginners,UNKNOWN,"POLLY, LINA",2020
Important Concept of Arduino Programming for Beginners: Basic C Language Concept for Arduino Programming,Vijay Verma,"Vijay Verma [Verma, Vijay]",2021
Important Concept of Arduino Programming for Beginners: Basic C Language Concept for Arduino Programming,Vijay Verma,"Vijay Verma [Verma, Vijay]",2021
The Super Simple Programming Book: Learn Basic Programming Concepts With Python,nan,Edwin Torres,2018
Important Concept of Arduino Programming for Beginners: Basic C Language Concept for Arduino Programming,Vijay Verma,Vijay Verma,2021
Important Concept of Arduino Programming for Beginners: Basic C Language Concept for Arduino Programming,Vijay Verma,"Verma, Vijay",2021
Important Concept of Arduino Programming for Beginners: Basic C Language Concept for Arduino Programming,Vijay Verma,Vijay Verma,2021
Rust in Action: Systems programming concepts and techniques,Manning Publications,Tim McNamara,2021
"Concepts of Programming Languages, Eleventh Edition, Global Edition",Pearson,Robert W. Sebesta,2015
Important Concept of Arduino Programming for Beginners: Basic C Language Concept for Arduino Programming,Vijay Verma,"Verma, Vijay",2021
Important Concept of Arduino Programming for Beginners: Basic C Language Concept for Arduino Programming,Vijay Verma,"Verma, Vijay [Verma, Vijay]",2021
Important Concept of Arduino Programming for Beginners: Basic C Language Concept for Arduino Programming,Vijay Verma,"Vijay Verma [Verma, Vijay]",2021
Important Concept of Arduino Programming for Beginners: Basic C Language Concept for Arduino Programming,Vijay Verma,"Verma, Vijay",2021
Important Concept of Arduino Programming for Beginners: Basic C Language Concept for Arduino Programming,Vijay Verma,"Verma, Vijay [Verma, Vijay]",2021
Important Concept of Arduino Programming for Beginners: Basic C Language Concept for Arduino Programming,Vijay Verma,"Vijay Verma [Verma, Vijay]",2021
Important Concept of Arduino Programming for Beginners: Basic C Language Concept for Arduino Programming,Vijay Verma,"Verma, Vijay",2021
Important Concept of Arduino Programming for Beginners: Basic C Language Concept for Arduino Programming,Vijay Verma,"Verma, Vijay [Verma, Vijay]",2021
The Super Simple Programming Book: Learn Basic Programming Concepts With Python,nan,Edwin Torres,"RTF , 361 KB"
"Concepts of Programming Languages, Eleventh Edition, Global Edition",Pearson,Robert W. Sebesta,2015
"Concepts of Programming Languages, Eleventh Edition, Global Edition",Pearson,Robert W. Sebesta,2015
Important Concept of Arduino Programming for Beginners: Basic C Language Concept for Arduino Programming,Vijay Verma,Vijay Verma,2021
Important Concept of Arduino Programming for Beginners: Basic C Language Concept for Arduino Programming,Vijay Verma,"Verma, Vijay",2021
Important Concept of Arduino Programming for Beginners: Basic C Language Concept for Arduino Programming,Vijay Verma,"Verma, Vijay",2021
Programming Concepts in C++,Xlibris US,Robert Burns,2014
Important Concept of Arduino Programming for Beginners: Basic C Language Concept for Arduino Programming,Vijay Verma,"Verma, Vijay",2021
Important Concept of Arduino Programming for Beginners: Basic C Language Concept for Arduino Programming,Vijay Verma,Vijay Verma,2021
Programming Language Concepts,Springer Verlag London,"Sestoft, Peter",2012
The Super Simple Programming Book: Learn Basic Programming Concepts With Python,nan,Edwin Torres,2018
"Concepts of Programming Languages, Eleventh Edition, Global Edition",Pearson,Robert W. Sebesta,2015
Important Concept of Arduino Programming for Beginners: Basic C Language Concept for Arduino Programming,Vijay Verma,"Verma, Vijay",2021
Important Concept of Arduino Programming for Beginners: Basic C Language Concept for Arduino Programming,Vijay Verma,Vijay Verma,2021
"Concepts of Programming Languages, Eleventh Edition, Global Edition",Pearson,Robert W. Sebesta,2015
"Concepts of Programming Languages, Eleventh Edition, Global Edition",Pearson,Robert W. Sebesta,2015
"Concepts of Programming Languages, Eleventh Edition, Global Edition",Pearson,Robert W. Sebesta,2015
Programming Concepts in C++,Xlibris US,Robert Burns,2014
Programming Concepts in C++,Xlibris US,Robert Burns,2014
Undergraduate Topics In Computer Science 50 Peter Sestoft Auth Programming Language Concepts Springer Verlag London 2012,nan,Unknown,english
Sharma Prashant Java Applications Module 1 Programs Explained With Logic And Concept,nan,Desconocido,english
Sharma Prashant Java Applications Module 1 Programs Explained With Logic And Concept,nan,Unknown,english
Sharma Prashant Java Applications Module 1 Programs Explained With Logic And Concept,nan,Desconocido,english
Sharma Prashant Java Applications Module 1 Programs Explained With Logic And Concept,nan,Unknown,english
Sharma Prashant Java Applications Module 1 Programs Explained With Logic And Concept,nan,Desconocido,english
Undergraduate Topics In Computer Science 50 Peter Sestoft Auth Programming Language Concepts Springer Verlag London 2012,nan,Unknown,spanish
